"Année","Type de contrôle","Organismes","Lieu de contrôle","Département","Secteur d'activité de l'organisme"
2016,"loi 78","CARREFOUR BANQUE","COURCOURONNES",91,"Commerce"
2016,"loi 78","MINISTERE DE L'INTERIEUR - DIRECTION DE L'IMMIGRATION","NANTES",44,"Police/justice/sécurité"
2016,"loi 78","MINISTERE DE L'INTERIEUR - DIRECTION DES SYSTEMES D'INFORMATION ET DE COMMUNICATION (DSIC)","PARIS",75,"Police/justice/sécurité"
2016,"loi 78","VIDEDRESSING","PARIS",75,"Commerce"
2016,"loi 78","CWI DISTRIBUTION","AIX EN PROVENCE",13,"Assurances"
2016,"loi 78","BRANDALLEY","SAINT DENIS",93,"Commerce"
2016,"loi 78","PUBLIC IDEES","LEVALLOIS PERRET",92,"Commerce"
2016,"loi 78","ORANGE","PARIS",75,"Commerce"
2016,"loi 78","ALLOCAB","PARIS",75,"Commerce"
2016,"loi 78","ACXIOM FRANCE","LEVALLOIS PERRET",92,"Commerce"
2016,"loi 78","ACXIOM FRANCE","LEVALLOIS PERRET",92,"Commerce"
2016,"loi 78","DYNAMIQUES SERVICES / TRANSPORT BIP / LOGISTIQUE PLUS","BRY SUR MARNE",94,"Commerce"
2016,"loi 78","COMMISSARIAT DE POLICE DE VINCENNES","VINCENNES",94,"Police/justice/sécurité"
2016,"loi 78","PREFECTURE DU VAL DE MARNE","CRETEIL",94,"Police/justice/sécurité"
2016,"loi 78","JOUVE","MAYENNE",53,"Police/justice/sécurité"
2016,"loi 78","GROUPEMENT DE GENDARMERIE DE LA MAYENNE","BAIS",53,"Police/justice/sécurité"
2016,"loi 78","HOTEL DE POLICE DE LENS","LENS",62,"Police/justice/sécurité"
2016,"loi 78","IMPRIMERIE NATIONALE","FLERS EN ESCREBIEUX",59,"Police/justice/sécurité"
2016,"loi 78","AGENCE NATIONALE DE TRAITEMENT AUTOMATISE DES INFRACTIONS (ANTAI)","RENNES",35,"Police/justice/sécurité"
2016,"loi 78","AGENCE NATIONALE DE TRAITEMENT AUTOMATISE DES INFRACTIONS (ANTAI)","RENNES",35,"Police/justice/sécurité"
2016,"loi 78","VOISINS VIGILANTS","MARSEILLE",13,"Police/justice/sécurité"
2016,"loi 78","CHAINEO.FR - AKISIWEB","PARIS",75,"Commerce"
2016,"loi 78","TECHNIC ETANCHEITE","MORIEUX",22,"Commerce"
2016,"loi 78","WORLDLINE","BEZONS",95,"Commerce"
2016,"loi 78","ODEOLIS","PARIS",75,"Commerce"
2016,"loi 78","HOPITAL PRIVE MARSEILLE BEAUREGARD VERT COTEAU","MARSEILLE",13,"Santé/social"
2016,"loi 78","AUCHAN LA DEFENSE","VILLENEUVE D'ASCQ",59,"Commerce"
2016,"loi 78","ANDEVA","VINCENNES",94,"Santé/social"
2016,"loi 78","BLUELINK","IVRY SUR SEINE",94,"Commerce"
2016,"loi 78","CARIANS","PARIS",75,"Santé/social"
2016,"loi 78","GRITA","PARIS",75,"Santé/social"
2016,"loi 78","NACARAT","LYON",69,"Immobilier"
2016,"loi 78","TRANSPORT BIP","BRY SUR MARNE",94,"Commerce"
2016,"loi 78","LOGISTIQUE PLUS","BRY SUR MARNE",94,"Commerce"
2016,"loi 78","CDISCOUNT","BORDEAUX",33,"Commerce"
2016,"loi 78","CDISCOUNT","BORDEAUX",33,"Commerce"
2016,"loi 78","WEBHELP (DC CDISCOUNT)","PARIS",75,"Commerce"
2016,"loi 78","LISTE WAUQUIEZ 2015","PARIS",75,"Police/justice/sécurité"
2016,"loi 78","SOMFY SAS","CLUSES",74,"Santé/social"
2016,"loi 78","ROSSIGNOL TECHNOLOGY","SCIONZIER",74,"Commerce"
2016,"loi 78","EQUINOXE SOFTWARE ","GOUVIEUX",60,"Commerce"
2016,"loi 78","MEDIA PRISME","PARIS",75,"Commerce"
2016,"loi 78","AIRBUS","BLAGNAC",31,"Commerce"
2016,"loi 78","SARENZA","PARIS",75,"Commerce"
2016,"loi 78","HAPPN SAS","PARIS",75,"Commerce"
2016,"loi 78","CAR&BOAT MEDIA","PARIS",75,"Commerce"
2016,"loi 78","DATANANAS","PARIS",75,"Commerce"
2016,"loi 78","INSTITUT NATIONAL DES SCIENCES APPLIQUEES","LYON",69,"Education/culture/sport"
2016,"loi 78","ENGIE","COURBEVOIE",92,"Commerce"
2016,"loi 78","CENTRE DE RETENTION ADMINISTRATIVE DE PERPIGNAN","PERPIGNAN",66,"Police/justice/sécurité"
2016,"loi 78","AIRBNB","PARIS",75,"Commerce"
2016,"loi 78","GRENOBLE ECOLE DE MANAGEMENT","GRENOBLE",38,"Education/culture/sport"
2016,"loi 78","BOUYGUES TELECOM - PRESTATAIRE WEBHELP","PARIS",75,"Commerce"
2016,"loi 78","ACTICALL FRANCE","PARIS",75,"Commerce"
2016,"loi 78","CCA INTERNATIONAL","ISSY LES MOULINEAUX",92,"Commerce"
2016,"loi 78","BOUYGUES TELECOM","MEUDON",92,"Commerce"
2016,"loi 78","LES EDITIONS CROQUE FUTUR","PARIS",75,"Commerce"
2016,"loi 78","HACHETTE COLLECTIONS","PARIS",75,"Commerce"
2016,"loi 78","CEWE (MYPIX)","PARIS",75,"Commerce"
2016,"loi 78","VDD SAS (PIXMANIA)","PARIS",75,"Commerce"
2016,"loi 78","PANORANET","PARIS",75,"Commerce"
2016,"loi 78","DISNEY HACHETTE PRESSE","PARIS",75,"Commerce"
2016,"loi 78","BILENDI","PARIS",75,"Commerce"
2016,"loi 78","INSTITUT DE RECHERCHE BIOLOGIQUE - LABORATOIRES YVES PONROY","PARIS",75,"Commerce"
2016,"loi 78","FLEURANCE NATURE","PARIS",75,"Commerce"
2016,"loi 78","VPG (VOYAGE PRIVE)","PARIS",75,"Commerce"
2016,"loi 78","BECQUET","PARIS",75,"Commerce"
2016,"loi 78","ANTEVENIO PUBLICITE (CLASH MEDIA FRANCE)","PARIS",75,"Commerce"
2016,"loi 78","NETPARTAGE (OUAH)","PARIS",75,"Commerce"
2016,"loi 78","DANONE","PARIS",75,"Commerce"
2016,"loi 78","SOCIETE DES PEPINIERES JACQUES BRIANT","PARIS",75,"Commerce"
2016,"loi 78","EASYVOYAGE","PARIS",75,"Commerce"
2016,"loi 78","BUT INTERNATIONAL","PARIS",75,"Commerce"
2016,"loi 78","DOMOTI SAS","PARIS",75,"Commerce"
2016,"loi 78","CONCOURSMAIA","PARIS",75,"Commerce"
2016,"loi 78","PRIMAVISTA SAS","PARIS",75,"Commerce"
2016,"loi 78","WEBRIVAGE","PARIS",75,"Commerce"
2016,"loi 78","MEDIASTAY","PARIS",75,"Commerce"
2016,"loi 78","DEVISPROX ","PARIS",75,"Commerce"
2016,"loi 78","AGENCE DEM","PARIS",75,"Commerce"
2016,"loi 78","AUDENCIA NANTES ECOLE DE MANAGEMENT","NANTES",44,"Education/culture/sport"
2016,"loi 78","SOCIETE NOUVELLE GROUPEMENT TAXI (G7)","CLICHY LA GARENNE",92,"Commerce"
2016,"loi 78","SOCIETE NOUVELLE GROUPEMENT TAXI (G7) ","CLICHY LA GARENNE",92,"Commerce"
2016,"loi 78","SFR","LA PLAINE SAINT DENIS",93,"Commerce"
2016,"loi 78","SCP CAZENAVE","FONTENAY SOUS BOIS",94,"Police/justice/sécurité"
2016,"loi 78","CLIEN'TEL","ORVAULT",44,"Commerce"
2016,"loi 78","LOUVRE MARSOLLIER OPERA","PARIS",75,"Commerce"
2016,"loi 78","NEXTRADIOTV","PARIS",75,"Commerce"
2016,"loi 78","SCP EMERY LUCIANI ALIEL","PARIS",75,"Police/justice/sécurité"
2016,"loi 78","UBER FRANCE SAS","PARIS",75,"Commerce"
2016,"loi 78","UBER FRANCE SAS","PARIS",75,"Commerce"
2016,"loi 78","XPO SUPPLY CHAIN FRANCE","BRUYERES SUR OISE",95,"Transport"
2016,"loi 78","XPO SUPPLY CHAIN FRANCE","SAVIGNY LE TEMPLE",77,"Transport"
2016,"loi 78","XPO SUPPLY CHAIN FRANCE","SAVIGNY LE TEMPLE",77,"Transport"
2016,"loi 78","XPO SUPPLY CHAIN FRANCE","MALAKOFF",92,"Transport"
2016,"loi 78","BDE","PANTIN",93,"Commerce"
2016,"loi 78","ACCOR SA","PARIS",75,"Commerce"
2016,"loi 78","SOCIETE D'EXPLOITATION RADIO CHIC (FUN RADIO)","PARIS",75,"Commerce"
2016,"loi 78","ASSOCIATION LA VIE ACTIVE","CALAIS",62,"Police/justice/sécurité"
2016,"loi 78","SANOFI AVENTIS FRANCE","GENTILLY",94,"Santé/social"
2016,"loi 78","SANOFI AVENTIS FRANCE","GENTILLY",94,"Santé/social"
2016,"loi 78","HEETCH","PARIS",75,"Commerce"
2016,"loi 78","HEETCH","PARIS",75,"Commerce"
2016,"loi 78","COMMUNE DE RENNES","RENNES",35,"Collectivités locales"
2016,"loi 78","COMMUNE DE RENNES","RENNES",35,"Collectivités locales"
2016,"loi 78","COMMUNE DE RENNES","RENNES",35,"Collectivités locales"
2016,"loi 78","AMPLEMENT","BOULOGNE BILLANCOURT",92,"Commerce"
2016,"loi 78","BLIZZARD ENTERTAINMENT SAS","VERSAILLES",78,"Commerce"
2016,"loi 78","W.M.G","PARIS",75,"Commerce"
2016,"loi 78","W.M.G (APPLICATION GOSSIP)","PARIS",75,"Commerce"
2016,"loi 78","W.M.G (APPLICATION GOSSIP)","PARIS",75,"Commerce"
2016,"loi 78","STAROFSERVICE","COURBEVOIE",92,"Commerce"
2016,"loi 78","NDA CONCEPT","PARIS",75,"Commerce"
2016,"loi 78","POLE EMPLOI","SAINT QUENTIN",2,"Santé/social"
2016,"loi 78","PARTI-SOCIALISTE.FR","PARIS",75,"Police/justice/sécurité"
2016,"loi 78","GROUPE INP","GRENOBLE",38,"Education/culture/sport"
2016,"loi 78","RATP","PARIS",75,"Transport"
2016,"loi 78","COMMUNE D'ORSAY","ORSAY",91,"Police/justice/sécurité"
2016,"loi 78","ALPTIS ASSURANCES","LYON",69,"Commerce"
2016,"loi 78","CRM SERVICES - filiale SNCF MOBILITES","LA DEFENSE",92,"Commerce"
2016,"loi 78","CENTRE DE RETENTION ADMINISTRATIVE
LE MESNIL AMELOT 2 et 3","LE MESNIL AMELOT",77,"Police/justice/sécurité"
2016,"loi 78","MEDIA PRISME ","PARIS",75,"Commerce"
2016,"loi 78","ITEMA","ANDERNOS LES BAINS",33,"Commerce"
2016,"loi 78","MUTUELLE GENERALE SANTE","BAGNOLET",93,"Commerce"
2016,"loi 78","EMPIRE PARIS","PARIS",75,"Commerce"
2016,"loi 78","CARTEGIE","BRUGES",33,"Commerce"
2016,"loi 78","GROUPE CARTEGIE ","STRASBOURG",67,"Commerce"
2016,"loi 78","ASSOCIATION GENERATIONS SERVICES","MARSEILLE",13,"Santé/social"
2016,"loi 78","MEDIA PRISME ","PARIS",75,"Commerce"
2016,"loi 78","FREE-DOM' RESEAU","NANTES",44,"Commerce"
2016,"loi 78","OZZEO","TOULOUSE",31,"Commerce"
2016,"loi 78","SOCIETE PETIT-FILS ","BOULOGNE BILLANCOURT",92,"Commerce"
2016,"loi 78","CAISSE NATIONALE DE L'ASSURANCE MALADIE DES TRAVAILLEURS SALARIES -SNIIRAM","PARIS",75,"Santé/social"
2016,"loi 78","CAISSE NATIONALE DE L'ASSURANCE MALADIE DES TRAVAILLEURS SALARIES -SNIIRAM","EVREUX",27,"Santé/social"
2016,"loi 78","CAISSE NATIONALE DE L'ASSURANCE MALADIE DES TRAVAILLEURS SALARIES -SNIIRAM","EVREUX",27,"Santé/social"
2016,"loi 78","CAISSE NATIONALE DE L'ASSURANCE MALADIE DES TRAVAILLEURS SALARIES -SNIIRAM","EVREUX",27,"Santé/social"
2016,"loi 78","CAISSE NATIONALE DE L'ASSURANCE MALADIE DES TRAVAILLEURS SALARIES -SNIIRAM","EVREUX",27,"Santé/social"
2016,"loi 78","CAISSE NATIONALE DE L'ASSURANCE MALADIE DES TRAVAILLEURS SALARIES -SNIIRAM","PARIS",75,"Santé/social"
2016,"loi 78","CAISSE NATIONALE DE L'ASSURANCE MALADIE DES TRAVAILLEURS SALARIES -SNIIRAM","PARIS",75,"Santé/social"
2016,"loi 78","EUROPE 1 TELECOMPAGNIE","PARIS",75,"Commerce"
2016,"loi 78","NEXTRADIOTV","PARIS",75,"Commerce"
2016,"loi 78","CCN RADIO (SKYROCK) ","PARIS",75,"Commerce"
2016,"loi 78","TOOL-FITNESS.COM","PARIS",75,"Commerce"
2016,"loi 78","SERENI DOM ","VALENCE",26,"Commerce"
2016,"loi 78","PREFECTURE DU MAINE ET LOIRE","ANGERS",49,"Police/justice/sécurité"
2016,"loi 78","PREFECTURE DE POLICE 
(FINIADA)","PARIS",75,"Police/justice/sécurité"
2016,"loi 78","EGO FINANCES 
(FINIADA)","PARIS",75,"Police/justice/sécurité"
2016,"loi 78","ENEDIS","COURBEVOIE",92,"Commerce"
2016,"loi 78","MINISTERE DE L'INTERIEUR DE L'OUTRE MER ET DES COLLECTIVITES TERRITORIALES","NANTERRE",92,"Police/justice/sécurité"
2016,"loi 78","MINISTERE DE L'INTERIEUR-SERVICE DES TECHNOLOGIES ET DES SYSTEMES D'INFORMATION","ISSY LES MOULINEAUX",92,"Police/justice/sécurité"
2016,"loi 78","MINISTERE DE L'INTERIEUR-SERVICE DES TECHNOLOGIES ET DES SYSTEMES D'INFORMATION","PARIS",75,"Police/justice/sécurité"
2016,"loi 78","MINISTERE DE L'INTERIEUR - DIRECTION GENERALE DE LA POLICE NATIONALE - DIRECTION CENTRALE DE LA POLICE JUDICIAIRE - DIVISION DES RELATIONS INTERNATIONALES","NANTERRE",92,"Police/justice/sécurité"
2016,"loi 78","MINISTERE DE L'INTERIEUR - SOUS DIRECTION DE LA POLICE TECHNIQUE ET SCIENTIFIQUE","ECULLY",69,"Police/justice/sécurité"
2016,"loi 78","MINISTERE DE L'INTERIEUR - BUREAU SIRENE","NANTERRE",92,"Police/justice/sécurité"
2016,"loi 78","COMMUNE DE SANNOIS","SANNOIS",95,"Commerce"
2016,"loi 78","KANGOUROUGE","MARSEILLE",13,"Collectivités locales"
2016,"loi 78","BANIJAY PRODUCTIONS FRANCE ","BOULOGNE BILLANCOURT",92,"Commerce"
2016,"loi 78","STUDIO 89 PRODUCTIONS","NEUILLY SUR SEINE",92,"Commerce"
2016,"loi 78","STUDIO 89 PRODUCTIONS","NEUILLY SUR SEINE",92,"Commerce"
2016,"loi 78","FEDERATION FRANCAISE DE PETANQUE ET DE JEU PROVENCAL (FFPJP)","MARSEILLE",13,"Commerce"
2016,"loi 78","FREMANTLE MEDIA FRANCE ","PARIS",75,"Commerce"
2016,"loi 78","OUICAR","PARIS",75,"Commerce"
2016,"loi 78","MINISTERE DES AFFAIRES ETRANGERES - CONTRÔLE DU SYSTÈME D'INFORMATION SUR LES VISAS (VIS)","PARIS",75,"Police/justice/sécurité"
2016,"loi 78","LA GROSSE EQUIPE","BOULOGNE BILLANCOURT",92,"Commerce"
2016,"loi 78","AH PRODUCTION","BOULOGNE BILLANCOURT",92,"Commerce"
2016,"loi 78","BIEN A LA MAISON","LEVALLOIS PERRET",92,"Commerce"
2016,"loi 78","HELPLING FRANCE ","PARIS",75,"Commerce"
2016,"loi 78","UBISOFT ENTERTAINMENT SA","MONTREUIL",93,"Commerce"
2016,"loi 78","ZENLY","PARIS",75,"Commerce"
2016,"loi 78","02 DEVELOPPEMENT","LE MANS",72,"Commerce"
2016,"loi 78","CHOUETTES SERVICES","DIJON",21,"Commerce"
2016,"loi 78","MUTUELLE KLESIA SAINT GERMAIN","PARIS",75,"Santé/social"
2016,"loi 78","FIGAROMEDIAS","PARIS",75,"Commerce"
2016,"loi 78","FIGAROMEDIAS","PARIS",75,"Commerce"
2016,"loi 78","1000MERCIS","PARIS",75,"Commerce"
2016,"loi 78","ORACLE","COLOMBES",92,"Commerce"
2016,"loi 78","EXPERIAN FRANCE","COURBEVOIE",92,"Commerce"
2016,"loi 78","INSTITUT D'ETUDES POLITIQUES DE PARIS","PARIS",75,"Education/culture/sport"
2016,"loi 78","APPLICATION KNOCKIN","PARIS",75,"Commerce"
2016,"loi 78","WEBORAMA","PARIS",75,"Commerce"
2016,"loi 78","CHANGE.ORG WORLDWIDE LIMITED ","PARIS",75,"Commerce"
2016,"loi 78","FAMILY SPHERE","PARIS",75,"Commerce"
2016,"loi 78","DATA XU","PARIS",75,"Commerce"
2016,"loi 78","TRADE DESK","PARIS",75,"Commerce"
2016,"loi 78","CENTRO INC ""SITE SCOUT""","PARIS",75,"Commerce"
2016,"loi 78","RADIUM ONE","PARIS",75,"Commerce"
2016,"loi 78","INSTITUT SUPERIEUR DE COMMUNICATION ET PUBLICITE (ISCOM)","PARIS",75,"Education/culture/sport"
2016,"loi 78","CRITEO","PARIS",75,"Commerce"
2016,"loi 78","CRITEO","PARIS",75,"Commerce"
2016,"loi 78","MERCI+SERVICE","MULHOUSE",68,"Commerce"
2016,"loi 78","SAS BRIOTET SEMECOURT","SEMECOURT",57,"Commerce"
2016,"loi 78","RENAULT CALAIS","COQUELLES",62,"Police/justice/sécurité"
2016,"loi 78","NORAUTO CALAIS COQUELLES","CALAIS",62,"Police/justice/sécurité"
2016,"loi 78","LES CHEVRONS SOFIDA CALAIS","CALAIS",62,"Police/justice/sécurité"
2016,"loi 78","APPNEXUS","PARIS",75,"Commerce"
2016,"loi 78","DIRECT ENERGIE","PARIS",75,"Commerce"
2016,"loi 78","LDLC.COM","DARDILLY",69,"Commerce"
2016,"loi 78","COMMUNE DE LAMBERSART","LAMBERSART",59,"Police/justice/sécurité"
2016,"loi 78","BARTHEL FRERES SAS","LE BAN SAINT MARTIN",57,"Commerce"
2016,"loi 78","PREFECTURE DE LILLE","LILLE",59,"Police/justice/sécurité"
2016,"loi 78","ELECTRICITE DE FRANCE","PARIS",75,"Commerce"
2016,"loi 78","BEALDER","LYON",69,"Commerce"
2016,"loi 78","ASSISTANCE CENTRE D'APPEL (ACA)","GOUSSAINVILLE",95,"Commerce"
2016,"loi 78","LOCAREVI","ESCAUDAIN",59,"Commerce"
2016,"loi 78","ASCO INDUSTRIES","LEFFRINCKOUCKE",59,"Commerce"
2016,"loi 78","55 SAS","PARIS",75,"Commerce"
2016,"loi 78","HERTZ FRANCE","MONTIGNY LE BRETONNEUX",78,"Commerce"
2016,"loi 78","THE MIT COMPANY","SEVRES",92,"Commerce"
2016,"loi 78","MINISTERE DU LOGEMENT","PUTEAUX",92,"Santé/social"
2016,"loi 78","AMB FORMATIONS","PARIS",75,"Commerce"
2016,"loi 78","AMB FORMATIONS","PARIS",75,"Collectivités locales"
2016,"loi 78","COMMUNE DE QUIEVRECHAIN","QUIEVRECHAIN",59,"Collectivités locales"
2016,"loi 78","DRIVY","PARIS",75,"Commerce"
2016,"loi 78","ASSOCIATION BOUCHES DU RHONE TOURISME","MARSEILLE",13,"Collectivités locales"
2016,"loi 78","CASTORAMA FRANCE","TEMPLEMARS",59,"Commerce"
2016,"loi 78","PN DATA","MARCQ EN BAROEUL",59,"Commerce"
2016,"loi 78","MINISTERE DE L'ENVIRONNEMENT DE L'ENERGIE ET DE LA MER","PUTEAUX",92,"Commerce"
2016,"loi 78","BRAND & CONSUMERS TECHNOLOGIES","ISSY LES MOULINEAUX",92,"Commerce"
2016,"loi 78","KANTAR WORLDPANEL FRANCE","CHAMBOURCY",78,"Commerce"
2016,"loi 78","PRIMAIRES DE LA DROITE ET DU CENTRE","BAILLEUL",59,"Politique"
2016,"loi 78","KIABI EUROPE","HEM",59,"Commerce"
2016,"loi 78","44 GALERIES LAFAYETTE - 44 GL","PARIS",75,"Commerce"
2016,"loi 78","GROUPE LA POSTE ","LIBOURNE",33,"Commerce"
2016,"loi 78","INSTA MAIL MEDIA","PARIS",75,"Commerce"
2016,"loi 78","FORD BYmyCAR Lyon Sud","VENISSIEUX",69,"Commerce"
2016,"loi 78","NORAUTO VENISSIEUX","VENISSIEUX",69,"Commerce"
2016,"loi 78","FEU VERT","VENISSIEUX",69,"Commerce"
2016,"loi 78","GAD","MONTREUIL",93,"Commerce"
2016,"loi 78","3 SUISSES","CROIX",59,"Commerce"
2016,"loi 78","3 SUISSES","CROIX",59,"Commerce"
2016,"loi 78","LAPRIMAIRE.ORG","PARIS",75,"Politique"
2016,"loi 78","AIR FRANCE ","TREMBLAY EN France",93,"Commerce"
2016,"loi 78","QAPA ","PARIS",75,"Commerce"
2016,"loi 78","DAILYMOTION","PARIS",75,"Commerce"
2016,"loi 78","COMMUNE DE LA GARENNE COLOMBES","LA  GARENNE COLOMBES",92,"Collectivités locales"
2016,"vidéo","SPORT 33 - LE METROPOLE","BORDEAUX",33,"Commerce"
2016,"vidéo","TENDANCE FASHION","NANTERRE",92,"Commerce"
2016,"vidéo","TENDANCE FASHION","PARIS",75,"Commerce"
2016,"vidéo","MUSEE DES CONFLUENCES","LYON",69,"Education/culture/sport"
2016,"vidéo","COMMUNE DE SEVRES","SEVRES",92,"Collectivités locales"
2016,"vidéo","COMMUNE DE RAMBOUILLET","RAMBOUILLET",78,"Collectivités locales"
2016,"vidéo","SARL RUSSO","SPICHEREN ET GROSBLIEDERSTROFF",57,"Commerce"
2016,"vidéo","SARL RUSSO","SPICHEREN ET GROSBLIEDERSTROFF",57,"Commerce"
2016,"vidéo","COMMUNE DE FORBACH","FORBACH",57,"Collectivités locales"
2016,"vidéo","MUSEE NATIONAL DES ARTS ASIATIQUES GUIMET","PARIS",75,"Education/culture/sport"
2016,"vidéo","COMMUNE DE SALLANCHES","SALLANCHES",74,"Collectivités locales"
2016,"vidéo","COMMUNE DE BOBIGNY","BOBIGNY",93,"Collectivités locales"
2016,"vidéo","COMMUNE DE PIERREFITTE SUR SEINE ","PIERREFITTE SUR SEINE",93,"Collectivités locales"
2016,"vidéo","COMMUNE DE MEUDON","MEUDON",92,"Collectivités locales"
2016,"vidéo","LA POSTE ","AVIGNON",84,"Commerce"
2016,"vidéo","LA POSTE","GENNEVILLIERS",92,"Commerce"
2016,"vidéo","LA POSTE","FECAMP",76,"Commerce"
2016,"vidéo","LA POSTE","LA ROCHE SUR YON",85,"Commerce"
2016,"vidéo","LA POSTE","PUTEAUX",92,"Commerce"
2016,"vidéo","SERVICE DEPARTEMENTAL INCENDIE ET SECOURS DES PYRENEES ORIENTALES","PERPIGNAN",66,"Police/justice/sécurité"
2016,"vidéo","COMMUNE DE SENS","SENS",89,"Collectivités locales"
2016,"vidéo","COMMUNE DE PROVINS","PROVINS",77,"Collectivités locales"
2016,"vidéo","COMMUNE DE GIEN","GIEN",45,"Collectivités locales"
2016,"vidéo","COMMUNE D'AVIGNON","AVIGNON",84,"Collectivités locales"
2016,"vidéo","COMMUNE DE CARPENTRAS","CARPENTRAS",84,"Collectivités locales"
2016,"vidéo","COMMUNE DU BLANC MESNIL","LE BLANC MESNIL",93,"Collectivités locales"
2016,"vidéo","COMMUNE DU BLANC MESNIL","LE BLANC MESNIL",93,"Collectivités locales"
2016,"vidéo","FRENCH TROTTERS","PARIS",75,"Commerce"
2016,"vidéo","COMMUNE DE DUGNY","DUGNY",93,"Collectivités locales"
2016,"vidéo","COMMUNE DE HENIN BEAUMONT","HENIN BEAUMONT",62,"Collectivités locales"
2016,"vidéo","COMMUNE DE NOISY LE GRAND","NOISY LE GRAND",93,"Collectivités locales"
2016,"vidéo","DELKO MARSEILLE","MARSEILLE",13,"Commerce"
2016,"vidéo","INTERMARCHE SUPER","MARSEILLE",13,"Commerce"
2016,"vidéo","COMMUNE SULLY SUR LOIRE","SULLY SUR LOIRE",45,"Collectivités locales"
2016,"vidéo","COMMUNE DE SOISY SOUS MONTMORENCY","SOISY SOUS MONTMORENCY",95,"Collectivités locales"
2016,"vidéo","COMMUNE BONNY SUR LOIRE","BONNY SUR LOIRE",45,"Collectivités locales"
2016,"vidéo","HELMANI - CINEMA MEGA CGR LE Français","BORDEAUX",33,"Commerce"
2016,"vidéo","COMMUNE DE VILLETANEUSE","VILLETANEUSE",93,"Collectivités locales"
2016,"vidéo","COMMUNE DE GENNEVILLIERS","GENNEVILLIERS",92,"Collectivités locales"
2016,"vidéo","COMMUNE DE LIMOGES","LIMOGES",87,"Collectivités locales"
2016,"vidéo","COMMUNE DE ROANNE","ROANNE",42,"Collectivités locales"
2016,"vidéo","MERCURE ROYAL LIMOUSIN","LIMOGES",87,"Commerce"
2016,"vidéo","MUSEE DES BEAUX ARTS DE LIMOGES","LIMOGES",87,"Education/culture/sport"
2016,"vidéo","COMMUNE DE TARARE","TARARE",69,"Collectivités locales"
2016,"vidéo","CAPC MUSEE D'ART CONTEMPORAIN DE BORDEAUX","BORDEAUX",33,"Education/culture/sport"
2016,"vidéo","COMMUNE DE VAUCRESSON","VAUCRESSON",92,"Collectivités locales"
2016,"vidéo","HOPITAL EUROPEEN","MARSEILLE",13,"Santé/social"
2016,"vidéo","FALGAYRAS S.A.S","COLOMIERS",31,"Commerce"
2016,"vidéo","COMMUNE DE BOURG LA REINE","BOURG LA REINE",92,"Collectivités locales"
2016,"vidéo","COMMUNE DE REIMS","REIMS",51,"Collectivités locales"
2016,"vidéo","COMMUNE DES LILAS","LES LILAS",93,"Collectivités locales"
2016,"vidéo","COMMUNE DE CLICHY LA GARENNE","CLICHY LA GARENNE",92,"Collectivités locales"
2016,"vidéo","COMMUNE LE PRE SAINT GERVAIS","LE PRE SAINT GERVAIS",93,"Collectivités locales"
2016,"vidéo","COMMUNE DE CHÂTEAU THIERRY","CHATEAU THIERRY",2,"Collectivités locales"
2016,"vidéo","COMMUNE DE SAINT SAULVE","SAINT SAULVE",59,"Collectivités locales"
2016,"vidéo","COMMUNE DE BELLOT","BELLOT",77,"Collectivités locales"
2016,"vidéo","COMMUNE DE BOURG DE PEAGE","BOURG DE PEAGE",26,"Collectivités locales"
2016,"vidéo","COMMUNE DE MOUY","MOUY",60,"Collectivités locales"
2016,"vidéo","COMMUNE DE SAINT JUST EN CHAUSSEE","SAINT JUST EN CHAUSSEE",60,"Collectivités locales"
2016,"vidéo","COMMUNE DE BRETEUIL","BRETEUIL",60,"Collectivités locales"
2016,"vidéo","COMMUNE DE RUEIL MALMAISON","RUEIL MALMAISON",92,"Collectivités locales"
2016,"vidéo","CENTRE AQUATIQUE LE DOME DE VINCENNES","VINCENNES",94,"Education/culture/sport"
2016,"vidéo","COMMUNE DE VERNON","VERNON",27,"Collectivités locales"
2016,"vidéo","COMMUNE DE ROMAINVILLE","ROMAINVILLE",93,"Collectivités locales"
2016,"vidéo","MUSEE DES CIVILISATIONS DE L'EUROPE ET DE LA MEDITERRANEE (MUCEM)","MARSEILLE",13,"Education/culture/sport"
2016,"vidéo","COMMUNE DE POISSY","POISSY",78,"Collectivités locales"
2016,"vidéo","PALAIS FESH-MUSEE DES BEAUX-ARTS","AJACCIO",20,"Education/culture/sport"
2016,"vidéo","COMMUNE D'AJACCIO","AJACCIO",20,"Collectivités locales"
2016,"vidéo","COMMUNE DU MANS","LE MANS",72,"Collectivités locales"
2016,"vidéo","COMMUNE DE FORGES LES EAUX","FORGES LES EAUX",76,"Collectivités locales"
2016,"vidéo","COMMUNE DE GOURNAY EN BRAY","GOURNAY EN BRAY",76,"Collectivités locales"
2016,"vidéo","COMMUNE DE SENLIS","SENLIS",60,"Collectivités locales"
2016,"vidéo","COMMUNE DE PONT SAINTE MAXENCE","PONT SAINTE MAXENCE",60,"Collectivités locales"
2016,"vidéo","PREFECTURE DE POLICE DE PARIS","PARIS",75,"Police/justice/sécurité"
2016,"vidéo","PREFECTURE DE POLICE DE PARIS","PARIS",75,"Police/justice/sécurité"
2016,"vidéo","COMMUNE DE L'HAY LES ROSES"," L'HAY LES ROSES",94,"Collectivités locales"
2016,"vidéo","COMMUNE DE L'ISLE ADAM","L'ISLE ADAM",95,"Collectivités locales"
2016,"vidéo","CENTRE POMPIDOU METZ","METZ",57,"Education/culture/sport"
2016,"vidéo","COMMUNE DE NOGENT SUR OISE","NOGENT SUR OISE",60,"Collectivités locales"
2016,"vidéo","MUSEE DES BEAUX ARTS DE LYON","LYON",69,"Education/culture/sport"
2016,"vidéo","MUSEE DU LOUVRE-LENS","LENS",62,"Education/culture/sport"
2016,"vidéo","MUSEE D'ART MODERNE ET CONTEMPORAIN","STRASBOURG",67,"Education/culture/sport"
2016,"vidéo","PREFECTURE DE POLICE 
(COMMISSARIAT DU 18ème ARRONDISSEMENT DE PARIS)","PARIS",75,"Police/justice/sécurité"
2016,"vidéo","PREFECTURE DE POLICE","PARIS",75,"Police/justice/sécurité"
2016,"vidéo","PREFECTURE DE POLICE DE PARIS - MAIRIE DE PARIS","PARIS",75,"Police/justice/sécurité"
2016,"vidéo","PREFECTURE DE POLICE DE PARIS - COMMISSARIAT DE VILLEPINTE","VILLEPINTE",93,"Police/justice/sécurité"
2016,"vidéo","PHILHARMONIE DE PARIS","PARIS",75,"Education/culture/sport"
2016,"vidéo","SALLE PLEYEL","PARIS",75,"Education/culture/sport"
2016,"vidéo","THEATRE EDOUARD VII","PARIS",75,"Education/culture/sport"
2016,"vidéo","INTERCONTINENTAL MARSEILLE - HOTEL DIEU","MARSEILLE",13,"Commerce"
2016,"vidéo","COMMUNE D'ENGHIEN LES BAINS","ENGHIEN LES BAINS",95,"Collectivités locales"
2016,"vidéo","COMMUNE DE CHAMBOURCY","CHAMBOURCY",78,"Collectivités locales"
2016,"vidéo","SNCF (gare de Rosa Parks RER E)","PARIS",78,"Transport"
2016,"vidéo","SNCF","PARIS",75,"Transport"
2016,"contrôle en ligne","EUROPE1.FR","PARIS",75,"Commerce"
2016,"contrôle en ligne","LEXPRESS.FR","PARIS",75,"Commerce"
2016,"contrôle en ligne","GLEEDEN.COM","PARIS",75,"Commerce"
2016,"contrôle en ligne","PUBLIC IDEES","PARIS",75,"Commerce"
2016,"contrôle en ligne","REGIE ORANGE","PARIS",75,"Commerce"
2016,"contrôle en ligne","THE RUBICON PROJECT","PARIS",75,"Commerce"
2016,"contrôle en ligne","TELEPOINT.FR 
(#permis-ministère de l'intérieur)","PARIS",75,"Police/justice/sécurité"
2016,"contrôle en ligne","DEVRED.COM","PARIS",75,"Commerce"
2016,"contrôle en ligne","NORAUTO.FR","PARIS",75,"Commerce"
2016,"contrôle en ligne","JOUECLUB.FR","PARIS",75,"Commerce"
2016,"contrôle en ligne","FEUVERT.FR","PARIS",75,"Commerce"
2016,"contrôle en ligne","LIVRAISON.SIMPLYMARKET.FR","PARIS",75,"Commerce"
2016,"contrôle en ligne","BOURSOWEB.FR","PARIS",75,"Télécommunications"
2016,"contrôle en ligne","LAGRANDERECRE.FR","PARIS",75,"Commerce"
2016,"contrôle en ligne","1AND1.FR","PARIS",75,"Télécommunications"
2016,"contrôle en ligne","MADEINDESIGN.COM","PARIS",75,"Commerce"
2016,"contrôle en ligne","PIECESAUTO.COM","PARIS",75,"Commerce"
2016,"contrôle en ligne","CDISCOUNT.COM","PARIS",75,"Commerce"
2016,"contrôle en ligne","CDISCOUNT","PARIS",75,"Commerce"
2016,"contrôle en ligne","HOURA.FR ","PARIS",75,"Commerce"
2016,"contrôle en ligne","TRUFFAUT.COM","PARIS",75,"Commerce"
2016,"contrôle en ligne","PICARD.FR","PARIS",75,"Commerce"
2016,"contrôle en ligne","LEETCHI.COM","PARIS",75,"Commerce"
2016,"contrôle en ligne","MAXIMO.FR","PARIS",75,"Commerce"
2016,"contrôle en ligne","THIRIET.COM","PARIS",75,"Commerce"
2016,"contrôle en ligne","AIRBUS.COM","PARIS",75,"Commerce"
2016,"contrôle en ligne","TOUPARGEL.FR","PARIS",75,"Commerce"
2016,"contrôle en ligne","VILLAGE-JUSTICE.COM","PARIS",75,"Commerce"
2016,"contrôle en ligne","RUEDESCADEAUX.COM","PARIS",75,"Commerce"
2016,"contrôle en ligne","COLLEO.FR","PARIS",75,"Commerce"
2016,"contrôle en ligne","CACHE-CACHE.FR","PARIS",75,"Commerce"
2016,"contrôle en ligne","SARENZA.COM","PARIS",75,"Commerce"
2016,"contrôle en ligne","LEPOTCOMMUN.FR","PARIS",75,"Commerce"
2016,"contrôle en ligne","PRINCESSTAMTAM.COM","PARIS",75,"Commerce"
2016,"contrôle en ligne","TICKETAC.COM","PARIS",75,"Commerce"
2016,"contrôle en ligne","TICKETMASTER.FR","PARIS",75,"Commerce"
2016,"contrôle en ligne","CARRIERES-JURIDIQUES.COM","PARIS",75,"Commerce"
2016,"contrôle en ligne","RECRULEX.COM","PARIS",75,"Commerce"
2016,"contrôle en ligne","FRANCEBILLET.COM","PARIS",75,"Commerce"
2016,"contrôle en ligne","VICTIME-RIPOU.COM","PARIS",75,"Télécommunications"
2016,"contrôle en ligne","JOBIJOBA.COM","PARIS",75,"Commerce"
2016,"contrôle en ligne","DATANANAS.COM","PARIS",75,"Commerce"
2016,"contrôle en ligne","GAMEKULT.COM","PARIS",75,"Commerce"
2016,"contrôle en ligne","JEUXVIDEO.COM","PARIS",75,"Commerce"
2016,"contrôle en ligne","DIRECTEMPLOI.COM","PARIS",75,"Commerce"
2016,"contrôle en ligne","TAXIG7.FR","PARIS",75,"Commerce"
2016,"contrôle en ligne","UBER.COM","PARIS",75,"Commerce"
2016,"contrôle en ligne","MONSTER.FR","PARIS",75,"Commerce"
2016,"contrôle en ligne","LEADERDRIVE.FR","PARIS",75,"Commerce"
2016,"contrôle en ligne","HEETCH.COM","PARIS",75,"Commerce"
2016,"contrôle en ligne","APEC.FR","PARIS",75,"Commerce"
2016,"contrôle en ligne","APEC.FR","PARIS",75,"Commerce"
2016,"contrôle en ligne","UNIVERSITE BRETAGNE LOIRE ","PARIS",75,"Education/culture/sport"
2016,"contrôle en ligne","QAPA.FR","PARIS",75,"Commerce"
2016,"contrôle en ligne","AIRBNB.COM","PARIS",75,"Commerce"
2016,"contrôle en ligne","MICROSOFT CORPORATION","PARIS",75,"Commerce"
2016,"contrôle en ligne","MICROSOFT CORPORATION","PARIS",75,"Commerce"
2016,"contrôle en ligne","MICROSOFT CORPORATION","PARIS",75,"Commerce"
2016,"contrôle en ligne","MICROSOFT CORPORATION","PARIS",75,"Commerce"
2016,"contrôle en ligne","MICROSOFT CORPORATION","PARIS",75,"Commerce"
2016,"contrôle en ligne","MICROSOFT CORPORATION","PARIS",75,"Commerce"
2016,"contrôle en ligne","MICROSOFT CORPORATION","PARIS",75,"Commerce"
2016,"contrôle en ligne","FRANCE-ADOT.ORG","PARIS",75,"Santé/social"
2016,"contrôle en ligne","AMPLEMENT","PARIS",75,"Economie"
2016,"contrôle en ligne","STAROFSERVICE.COM","PARIS",75,"Commerce"
2016,"contrôle en ligne","PARTI-SOCIALISTE.FR","PARIS",75,"Police/justice/sécurité"
2016,"contrôle en ligne","PETITS-FILS.COM","BOULOGNE BILLANCOURT",92,"Commerce"
2016,"contrôle en ligne","MERCIPLUS.FR ","PARIS",75,"Commerce"
2016,"contrôle en ligne","UNIV-BPCLERMONT.FR 
+ INSTITUT DE CHIMIE DE CLERMONT FERRAND","PARIS",75,"Education/culture/sport"
2016,"contrôle en ligne","FREE-DOM.FR","PARIS",75,"Commerce"
2016,"contrôle en ligne","ALLIANCE CONNECTIC.FR","PARIS",75,"Commerce"
2016,"contrôle en ligne","TOOL-FITNESS.COM","PARIS",75,"Commerce"
2016,"contrôle en ligne","ADOMVET.COM","PARIS",75,"Commerce"
2016,"contrôle en ligne","SERENI DOM ","PARIS",75,"Commerce"
2016,"contrôle en ligne","MGAS.FR","PARIS",75,"Commerce"
2016,"contrôle en ligne","MNPAF.FR","PARIS",75,"Assurances"
2016,"contrôle en ligne","GESLICO.FFPJP.COM
FEDERATION FRANCAISE DE PETANQUE ET DE JEU PROVENCAL (FFPJP)","PARIS",75,"Commerce"
2016,"contrôle en ligne","MUTAMI.FR","PARIS",75,"Commerce"
2016,"contrôle en ligne","CARPS.FR","PARIS",75,"Assurances"
2016,"contrôle en ligne","OUICAR.FR","PARIS",75,"Commerce"
2016,"contrôle en ligne","02 DEVELOPPEMENT","PARIS",75,"Commerce"
2016,"contrôle en ligne","OZZEO.FR","TOULOUSE",31,"Commerce"
2016,"contrôle en ligne","APPLICATION KNOCKIN","PARIS",75,"Commerce"
2016,"contrôle en ligne","BG NOVATION - LASER GAME","PARIS",75,"Commerce"
2016,"contrôle en ligne","EXPOFRANCE2025.COM","PARIS",75,"Commerce"
2016,"contrôle en ligne","YOURONLINECHOICES.COM","PARIS",75,"Commerce"
2016,"contrôle en ligne","MINISTERE DE L'INTERIEUR
http://www.interieur.gouv.fr","PARIS",75,"Police/justice/sécurité"
2016,"contrôle en ligne","U-BORDEAUX1.FR","PARIS",75,"Education/culture/sport"
2016,"contrôle en ligne","HTTPS://WWW.PRE-PLAINTE-EN-LIGNE.GOUV.FR","PARIS",75,"Police/justice/sécurité"
2016,"contrôle en ligne","MON.SERVICE-PUBLIC.FR","PARIS",75,"Police/justice/sécurité"
2016,"contrôle en ligne","WHATSAPP","PARIS",75,"Commerce"
2016,"contrôle en ligne","WHATSAPP","PARIS",75,"Commerce"
2016,"contrôle en ligne","CARTEREDUCTION-HERTZ.COM","PARIS",75,"Commerce"
2016,"contrôle en ligne","POLICE-NATIONALE.INTERIEUR.GOUV.FR","PARIS",75,"Police/justice/sécurité"
2016,"contrôle en ligne","DOCTOLIB.FR","PARIS",75,"Santé/social"
2016,"contrôle en ligne","ANTS.GOUV.FR","PARIS",75,"Police/justice/sécurité"
2016,"contrôle en ligne","FAMILY-SPHERE.COM","PARIS",75,"Commerce"
2016,"contrôle en ligne","SAMSUNGSERVICES.COM","PARIS",75,"Commerce"
2016,"contrôle en ligne","KYO-ASCENSEUR.FR","PARIS",75,"Commerce"
2016,"contrôle en ligne","MOBILISATION.ALAINJUPPE2017.FR","PARIS",75,"Politique"
2016,"contrôle en ligne","ASSOCIATION DEMOCRATECH","PARIS",75,"Police/justice/sécurité"
